Summary,Issue key,Issue id,Issue Type,Status,Project key,Project name,Project type,Project lead,Project description,Project url,Resolution,Assignee,Reporter,Creator,Created,Updated,Last Viewed,Resolved,Due Date,Votes,Labels,Labels,Labels,Description,Environment,Watchers,Watchers,Watchers,Watchers,Original Estimate,Remaining Estimate,Time Spent,Work Ratio,Σ Original Estimate,Σ Remaining Estimate,Σ Time Spent,Security Level,Outward issue link (Blocks),Inward issue link (Created from Investigation Task),Inward issue link (Created from Investigation Task),Inward issue link (Created from Investigation Task),Inward issue link (Relates),Inward issue link (Relates),Outward issue link (Relates),Outward issue link (Relates),Attachment,Attachment,Attachment,Attachment,Attachment,Attachment,Attachment,Attachment,Attachment,Attachment,Attachment,Attachment,Attachment,Attachment,Attachment,Attachment,Attachment,Attachment,Attachment,Attachment,Attachment,Attachment,Attachment,Attachment,Attachment,Attachment,Attachment,Attachment,Custom field (ART Sync Notes),Custom field (Activity),Custom field (Actual Business Value),Custom field (Actual Iteration),Custom field (Actual downtime),Custom field (Additional Information),Custom field (Affected Products),Custom field (Attached file with changes),Custom field (Automatic Transition),Custom field (Benefit Hypothesis),Custom field (Business Justification),Custom field (Case Creation Date),Custom field (Case Creation Date/Time),Custom field (Case Number/s),Custom field (Category of problem),Custom field (Client status),Custom field (Commitment Level),Custom field (Complexity),Custom field (Configure),Custom field (Customer/s),Custom field (DB Change included),Custom field (Date of First Response [CHART]),Custom field (Developer),Custom field (EMS Database Version/s),Custom field (Effective Assignee),Custom field (Effective Resolution),Custom field (Effective Status),Custom field (Environment types),Custom field (Epic Link),Custom field (Escalation contact),Custom field (Executive Summary),Custom field (Expected Behavior),Custom field (Expected downtime),Custom field (Expense Database Version/s),Custom field (External Expert),Custom field (Fallback procedure),Custom field (Feature Validation),Custom field (Feature Validation Result),Custom field (Feature Validation Test Set URL),Custom field (Findings),Custom field (Fix Priority),Custom field (General Information),Custom field (ITS Team Assigned),Custom field (Import),Custom field (Import),Custom field (Import),Custom field (Incident date/time),Custom field (Initial Request Date by Customer),Custom field (Investigating Methods),Custom field (Is planned),Custom field (Issue Links Overview),Custom field (Job Size (WSJF)),Custom field (MDs spend),Custom field (Memory),Custom field (Notes),Custom field (OLD Agile Release Train (ART)),Custom field (Original story points),Custom field (PCI-DSS Reviews),Custom field (PCI-DSS related),Custom field (PDef Transition),Custom field (PSD document),Custom field (Parent Key),Custom field (Parent Link),Custom field (Personal Notes),Custom field (Planned Business Value),Custom field (Planned Iteration),Custom field (Priority Index),Custom field (Product Definition),Custom field (Proposed Corrective Actions),Custom field (Proposed Solution),Custom field (Rank),Custom field (Reason to Reopen),Custom field (Reason to Suspend),Custom field (Rejection reason),Custom field (Release Date),Custom field (Release Notes),Custom field (Remaining Story Points),Custom field (Reported Date),Custom field (Request Type),Custom field (Required Skill Level),Custom field (Resources),Custom field (Restart Category),Custom field (Restart Type),Custom field (Retention or Growth (WSJF)),Custom field (Review Date),Custom field (Risk Reduction/Opportunity (WSJF)),Custom field (Risk Reduction/Opportunity explanation),Custom field (Risks),Custom field (Root Cause),Custom field (SAFe Epic Type),Custom field (SAFe Feature Type),Custom field (SOR document),Custom field (Security/PCI Compliance Decision),Custom field (Server : System : Location : Division),Custom field (Session),Custom field (Severity),Custom field (Showstopper (WSJF)),Custom field (Showstopper explanation),Custom field (Size),Custom field (Slot time frame),Sprint,Sprint,Sprint,Sprint,Sprint,Sprint,Sprint,Sprint,Custom field (Start Date),Custom field (Status Information),Custom field (Status Information),Custom field (Status Information),Custom field (Status Information),Custom field (Status Information),Custom field (Status Information),Custom field (Status Information),Custom field (Story Points),Custom field (Subtask Overview),Custom field (Support from FT),Custom field (Suspended),Custom field (System),Custom field (T-Shirt sized estimation),Custom field (TMS location/division affected),Custom field (Target end),Custom field (Target end),Custom field (Target start),Custom field (Target start),Custom field (Team),Custom field (Test Set URL),Custom field (Testing and Validation),Custom field (Time Criticality (WSJF)),Custom field (Time Criticality explanation),Custom field (Timeline),Custom field (Total Expense Volume p.a.),Custom field (Travel QA Responsible),Custom field (Type of Expense Delivery Task),Custom field (Type of Request),Custom field (URL),Custom field (UX Analyst),Custom field (UX Guidelines),Custom field (UX Researcher),Custom field (UX Visual Designer),Custom field (UX Writer),Custom field (UXR Deliverables),Custom field (UXR Personas),Custom field (UXW RTM Code),Custom field (User-business Value (WSJF)),Custom field (User-business Value explanation),Custom field (Validation),Comment,Comment,Comment,Comment,Comment,Comment,Comment,Comment,Comment,Comment,Comment,Comment,Comment,Comment,Comment,Comment,Comment,Comment,Comment,Comment,Comment,Comment,Comment,Comment,Comment,Comment,Comment,Comment,Comment,Comment,Comment,Comment,Comment,Comment,Comment,Comment
Procurx:set up regular tax in system/ITE-1832,CI-8657,473300,Expense Delivery,Closed,CI,codebusters,software,mrohkamm,,,Done,,nsanchezruiz,nsanchezruiz,19/May/23 8:55 AM,24/May/23 12:31 PM,06/Jul/23 5:04 PM,24/May/23 12:31 PM,24/May/23 12:00 AM,0,,,,"for country australia in statutory we have regular tax  and  reduced:

!image-2023-05-19-08-41-03-562.png! this system has only reduced configured,
h2. +Target:+

as per ITE-1832 please set up vegas taxes correctly:

{{This user sits on Location Australia and has a Flight in Australia, which means the Flight is domestic}}
{{The default behavior of the system is that a domestic Flight is regarded with tax rate 'Regular'. This tax rate is not set in the customer configuration.}}
{{When you want different behavior for Flight taxes you need to put the default Flight Domestic / Abroad setting to the customer configuration and adapt it. }}

 

*note:* in EMs bali I set it up  as follows:

!image-2023-05-19-08-53-40-999.png!

{color:#FF0000}PLEASE {color}let me know if correct or if I must do something else in EMS 

thanks!!

(urgent as AU clients cannot submit receipts",,yutaka.yasumi,,,,,,,,,,,,,,,,,,,,"19/May/23 8:41 AM;nsanchezruiz;image-2023-05-19-08-41-03-562.png;https://jira.ifao.net/secure/attachment/197395/image-2023-05-19-08-41-03-562.png","19/May/23 8:53 AM;nsanchezruiz;image-2023-05-19-08-53-40-999.png;https://jira.ifao.net/secure/attachment/197394/image-2023-05-19-08-53-40-999.png","22/May/23 11:24 AM;nsanchezruiz;image-2023-05-22-11-24-26-935.png;https://jira.ifao.net/secure/attachment/198117/image-2023-05-22-11-24-26-935.png","23/May/23 4:09 PM;nsanchezruiz;image-2023-05-23-16-09-34-176.png;https://jira.ifao.net/secure/attachment/198378/image-2023-05-23-16-09-34-176.png","24/May/23 12:31 PM;nsanchezruiz;image-2023-05-24-12-31-36-535.png;https://jira.ifao.net/secure/attachment/198477/image-2023-05-24-12-31-36-535.png",,,,,,,,,,,,,,,,,,,,,,,,,13.0,,,,,,,,,,18/May/23 12:00 AM,,2-17483397943,,,Committed,,Configure,ProcurX,,,,,,,Closed,,,,,,,,,,,,,,,,,Productive System,,,,,,,net.ifao.jira.plugin.pmi.impl.field.searcher.issuelinksoverview.IssueLinksOverview@0,0,,,,,,Hello,,,,,,,,,,,,,"0|i20pql:ynzqi",,,,,,,,,,,,,Retention,,0,,,,,Functional Feature,,,"system: 	procurx-globale
server: mega
location: australia",,3 - Medium Urgent,YES,,,,Codebusters-PI-7.3,,,,,,,,,net.ifao.jira.plugin.pmi.impl.field.StatusInformation.StatusInformation@9573314,net.ifao.jira.plugin.pmi.impl.field.StatusInformation.StatusInformation@1e31da98,net.ifao.jira.plugin.pmi.impl.field.StatusInformation.StatusInformation@19ac8940,net.ifao.jira.plugin.pmi.impl.field.StatusInformation.StatusInformation@7e4b848c,net.ifao.jira.plugin.pmi.impl.field.StatusInformation.StatusInformation@4e34c7c2,net.ifao.jira.plugin.pmi.impl.field.StatusInformation.StatusInformation@5e413186,net.ifao.jira.plugin.pmi.impl.field.StatusInformation.StatusInformation@23da4587,,net.ifao.jira.plugin.pmi.impl.field.searcher.subtaskoverview.SubtaskOverview@0,,,,,,,,,,,,,0,,,,,,Incident Request (IR),,,,,,,,,,0,,,"22/May/23 11:25 AM;nsanchezruiz;bali

!image-2023-05-22-11-24-26-935.png!;;;","23/May/23 4:09 PM;nsanchezruiz;error.expense.baseReceipt.illegalCountryOrTax

!image-2023-05-23-16-09-34-176.png!;;;","24/May/23 12:31 PM;nsanchezruiz;ems correct set up:

!image-2023-05-24-12-31-36-535.png!;;;",,,,,,,,,,,,,,,,,,,,,,,,,,,,,,,,,
Allianz - Error message dur to WARNING is too long. Maximum length is 250 characters,CI-8557,467471,Expense Delivery,Closed,CI,codebusters,software,mrohkamm,,,Done,,ssanz,ssanz,24/Apr/23 3:31 PM,18/May/23 12:16 PM,06/Jul/23 5:04 PM,18/May/23 12:16 PM,28/Apr/23 12:00 AM,0,TOP_Customer,,,"Hello Team,

 

Allianz Australia complain because an user got the error message ""A validation error occurred during the last attempt to calculate this expense statement.error.expense.configuration.factory.EMSCacheError""

 

After checking in Kibana logs I found that this error message was getting because the warning field is too long. Maximum length is 250 characters.

[Kibana (ifao.net)|https://es.secure.ifao.net/s/ee/app/kibana#/doc/3afe1f90-e0e8-11ec-b748-a7b709a9fb27/ee-2023.17/doc?id=C3OIsocB0u5Rhg7lw6Qm&_g=()]

 

Please could you increase to the maximum of characters?

 

I checked all others locations and only the Australian locations is impacted by this Warning.

Location: AU-Allianz Technology SE Australia Branch, Sydney

 

Please do the increase characters for Warning fields in Bali, Staging and Prod:

 

BALI: AMA-Allianz-Test

Staging: AMA-Allianz-Test

Prod: ama-de-allianz

 

Thank you.

Best regards,

Sandra",,,,,,,,,,,0,94740,,,,,,,,,,,,,,,,,,,,,,,,,,,,,,,,,,,,,,,11.0,,,,,,,,,,24/Apr/23 12:00 AM,,2-17407013823,,,Committed,,Configure,Allianz,,,,,,,Closed,,,,,,,,,,,,,,,,,Customer Test System,Productive System,Test System,,,,,net.ifao.jira.plugin.pmi.impl.field.searcher.issuelinksoverview.IssueLinksOverview@0,0,,,,,,Hello,,,,,,,,,,,,,"0|i20pql:yg",,,,,,,,,,,,,Retention,,0,,,,,Functional Feature,,,"Server: amadeus
Production system: ama-de-allianz
Location: AU-Allianz Technology SE Australia Branch, Sydney",,3 - Medium Urgent,YES,,,,Codebusters-PI-7.2,Codebusters-PI-7.3,,,,,,,,net.ifao.jira.plugin.pmi.impl.field.StatusInformation.StatusInformation@9573314,net.ifao.jira.plugin.pmi.impl.field.StatusInformation.StatusInformation@1e31da98,net.ifao.jira.plugin.pmi.impl.field.StatusInformation.StatusInformation@19ac8940,net.ifao.jira.plugin.pmi.impl.field.StatusInformation.StatusInformation@7e4b848c,net.ifao.jira.plugin.pmi.impl.field.StatusInformation.StatusInformation@4e34c7c2,net.ifao.jira.plugin.pmi.impl.field.StatusInformation.StatusInformation@5e413186,net.ifao.jira.plugin.pmi.impl.field.StatusInformation.StatusInformation@23da4587,,net.ifao.jira.plugin.pmi.impl.field.searcher.subtaskoverview.SubtaskOverview@0,,,,,,,,,,,,,0,,,,,,Incident Request (IR),,,,,,,,,,0,,,,,,,,,,,,,,,,,,,,,,,,,,,,,,,,,,,,,,
Porsche: deactivation the SAML link,CI-8452,463886,Expense Delivery,Closed,CI,codebusters,software,mrohkamm,,,Done,,kgostynska,kgostynska,07/Apr/23 3:59 PM,19/Apr/23 9:35 AM,06/Jul/23 5:04 PM,12/Apr/23 3:17 PM,11/Apr/23 12:00 AM,0,TOP_Customer,,,"Dear Team,

{{Customer reported that yesterday the new expense approval mail was changed in order to test the SAML Link to approve expense statements.}}

{{The link does not work and is now active in productive locations.}}

{{As per customer request, please deactivate the link for productive locations as soon as possible.}}

{{Thank you in advance!}}

{{BR }}

Karolina",,amatmati,,,,,,,,,,,,,CI-8416,CI-8418,EXM-773,,,,,,,,,,,,,,,,,,,,,,,,,,,,,,,,,,7.0,,,,,,,,,,07/Apr/23 12:00 AM,,2-17360914343,,,Committed,,Configure,Porsche,,2023-04-11 18:09:18.537,,,,,Closed (created),,,,,,,,,,,,,,,,,Productive System,,,,,,,net.ifao.jira.plugin.pmi.impl.field.searcher.issuelinksoverview.IssueLinksOverview@d7ea3b18,0,,,,,,Hello,,,,,,,,,,,,,"0|i20d3b:",,,,,,,,,,,,,Retention,,0,,,,,Functional Feature,,,"TRAVEL :	vwgroup-porsche-holding-at
All locations",,3 - Medium Urgent,YES,,,,,,,,,,,,,net.ifao.jira.plugin.pmi.impl.field.StatusInformation.StatusInformation@9573314,net.ifao.jira.plugin.pmi.impl.field.StatusInformation.StatusInformation@1e31da98,net.ifao.jira.plugin.pmi.impl.field.StatusInformation.StatusInformation@19ac8940,net.ifao.jira.plugin.pmi.impl.field.StatusInformation.StatusInformation@7e4b848c,net.ifao.jira.plugin.pmi.impl.field.StatusInformation.StatusInformation@4e34c7c2,net.ifao.jira.plugin.pmi.impl.field.StatusInformation.StatusInformation@5e413186,net.ifao.jira.plugin.pmi.impl.field.StatusInformation.StatusInformation@23da4587,,net.ifao.jira.plugin.pmi.impl.field.searcher.subtaskoverview.SubtaskOverview@0,,,,,,,,,,,,,0,,,,,,Incident Request (IR),,,,,,,,,,0,,,"07/Apr/23 6:22 PM;kgostynska;Could you please change ""type of request"" to Incident Request?

Thank you!;;;","11/Apr/23 6:09 PM;gmalarski;Changes deployed in https://jira.ifao.net/browse/CI-8418;;;",,,,,,,,,,,,,,,,,,,,,,,,,,,,,,,,,,
oebb:wrong debit amounts for private overnight stay,CI-8354,458717,Expense Delivery,Closed,CI,codebusters,software,mrohkamm,,,Done,,nsanchezruiz,nsanchezruiz,22/Mar/23 11:13 AM,01/Jun/23 2:40 PM,06/Jul/23 5:04 PM,25/Apr/23 9:58 AM,27/Mar/23 12:00 AM,0,,,,"+current issue:+

debit posting records are currently wrong for overnight stay private accommodation AT law

affected ES: #10574653 Created 29.12.2022 18:20
user: 20071783( PFAFF-ROEDERS, TANJA)
legal basis: BV (Betriebsvereinbarung)
configuration: business trip
!image-2023-03-22-10-58-25-147.png!
 
!image-2023-03-22-10-53-14-405.png!
configuration perdiem:
oebb:
AT~Österreich#Austria~18.1~26.4
DE~Deutschland#Germany~24.2~30.7

statutory default :
AT~Österreich#Austria~15~26.4

+correct:+

!image-2023-03-22-10-54-39-854.png!

debit posting records should sum 158.90 eur

total overnight should be 66.50eur

!image-2023-03-22-11-07-45-162.png!

 
+target:+ * please correct issue
 * please advise reason
 * advise since when this may have happened as we need to fix all wrong statements

 
thank you!
 ",,,,,,,,,,,,,,,,,,ITE-1862,CI-8561,,,"22/Mar/23 11:08 AM;nsanchezruiz;10574653 Staffer WP 4 4   DB FRA.pdf;https://jira.ifao.net/secure/attachment/189523/10574653+Staffer+WP+4+4+++DB+FRA.pdf","04/Apr/23 11:25 AM;nsanchezruiz;378538 nuri ci8354.pdf;https://jira.ifao.net/secure/attachment/191208/378538+nuri+ci8354.pdf","22/Mar/23 10:53 AM;nsanchezruiz;image-2023-03-22-10-53-14-405.png;https://jira.ifao.net/secure/attachment/189527/image-2023-03-22-10-53-14-405.png","22/Mar/23 10:54 AM;nsanchezruiz;image-2023-03-22-10-54-39-854.png;https://jira.ifao.net/secure/attachment/189526/image-2023-03-22-10-54-39-854.png","22/Mar/23 10:58 AM;nsanchezruiz;image-2023-03-22-10-58-25-147.png;https://jira.ifao.net/secure/attachment/189525/image-2023-03-22-10-58-25-147.png","22/Mar/23 11:07 AM;nsanchezruiz;image-2023-03-22-11-07-45-162.png;https://jira.ifao.net/secure/attachment/189524/image-2023-03-22-11-07-45-162.png",,,,,,,,,,,,,,,,,,,,,,,,11.0,,,,,,,,,,22/Mar/23 12:00 AM,,2-17306642003,,,Committed,,Configure,OBB,,2023-03-22 12:23:10.554,ddykiert,,,,Closed,,,,,,,,,,,,,,,,,Customer Test System,Productive System,Test System,,,,,net.ifao.jira.plugin.pmi.impl.field.searcher.issuelinksoverview.IssueLinksOverview@cf1cd5d9,0,,,,,,Hello,,,,,,,,,,,,,"0|i1zk6z:",,,,,,,,,,,,,Retention,,0,,,,,Functional Feature,,,"syste:oebb
server:mega
locations:all",,3 - Medium Urgent,YES,,,,Codebusters-PI-7.1,Codebusters-PI-7.2,,,,,,,,net.ifao.jira.plugin.pmi.impl.field.StatusInformation.StatusInformation@9573314,net.ifao.jira.plugin.pmi.impl.field.StatusInformation.StatusInformation@1e31da98,net.ifao.jira.plugin.pmi.impl.field.StatusInformation.StatusInformation@19ac8940,net.ifao.jira.plugin.pmi.impl.field.StatusInformation.StatusInformation@7e4b848c,net.ifao.jira.plugin.pmi.impl.field.StatusInformation.StatusInformation@4e34c7c2,net.ifao.jira.plugin.pmi.impl.field.StatusInformation.StatusInformation@5e413186,net.ifao.jira.plugin.pmi.impl.field.StatusInformation.StatusInformation@23da4587,,net.ifao.jira.plugin.pmi.impl.field.searcher.subtaskoverview.SubtaskOverview@0,,,,,,,,,,,,,0,,,,,,Incident Request (IR),,,,,,,,,,0,,,"22/Mar/23 12:23 PM;msalajan;https://es.secure.ifao.net/s/ee/goto/89318ec925748e45912e9acdb62ec357;;;","04/Apr/23 10:52 AM;ddykiert;Hello [~nsanchez] , please verify on bali first.;;;","04/Apr/23 11:24 AM;nsanchezruiz;bali test attached 378547;;;","06/Apr/23 12:31 PM;ddykiert;implemented on staging;;;",,,,,,,,,,,,,,,,,,,,,,,,,,,,,,,,
fiege:perdiem not calculated,CI-8238,452000,Expense Delivery,Closed,CI,codebusters,software,mrohkamm,,,Rejected,,nsanchezruiz,nsanchezruiz,28/Feb/23 1:28 PM,12/Jun/23 2:50 PM,06/Jul/23 5:04 PM,12/Jun/23 2:50 PM,31/Mar/23 12:00 AM,0,,,,"* perdiem are not being calculated :
#12808843 Created 27.02.2023 13:49
 * location:Fiege Logistik Stiftung & Co. KG Rangsdorf
log: [https://es.secure.ifao.net/s/ee/goto/d0866add33441454574c08222f337f9f]
!image-2023-02-28-13-24-03-239.png! 
!image-2023-02-28-13-20-59-853.png!
 * in bali they are calculated correctly:
#372080
log:[http://es.sofia.ifao.net/s/ee/goto/f4a37dc74a06a52826c71f93d45df720]
!image-2023-02-28-13-23-44-452.png! 
!image-2023-02-28-13-21-47-298.png!

I think something wrong with 3month rule configuartion
please fix as in bali so perdiem can be returned correc tly

thank you",,,,,,,,,,,0,60,,,,,,,,,,"28/Feb/23 1:29 PM;nsanchezruiz;12808843 Test BK.pdf;https://jira.ifao.net/secure/attachment/185562/12808843+Test+BK.pdf","28/Feb/23 1:29 PM;nsanchezruiz;372080 nuri perdiem bali.pdf;https://jira.ifao.net/secure/attachment/185561/372080+nuri+perdiem+bali.pdf","28/Feb/23 1:21 PM;nsanchezruiz;image-2023-02-28-13-20-59-853.png;https://jira.ifao.net/secure/attachment/185560/image-2023-02-28-13-20-59-853.png","28/Feb/23 1:21 PM;nsanchezruiz;image-2023-02-28-13-21-47-298.png;https://jira.ifao.net/secure/attachment/185559/image-2023-02-28-13-21-47-298.png","28/Feb/23 1:23 PM;nsanchezruiz;image-2023-02-28-13-23-30-909.png;https://jira.ifao.net/secure/attachment/185558/image-2023-02-28-13-23-30-909.png","28/Feb/23 1:23 PM;nsanchezruiz;image-2023-02-28-13-23-44-452.png;https://jira.ifao.net/secure/attachment/185557/image-2023-02-28-13-23-44-452.png","28/Feb/23 1:24 PM;nsanchezruiz;image-2023-02-28-13-24-03-239.png;https://jira.ifao.net/secure/attachment/185556/image-2023-02-28-13-24-03-239.png","28/Feb/23 1:33 PM;nsanchezruiz;image-2023-02-28-13-33-19-228.png;https://jira.ifao.net/secure/attachment/185566/image-2023-02-28-13-33-19-228.png",,,,,,,,,,,,,,,,,,,,,,6.0,,,,,,,,,,28/Feb/23 12:00 AM,,2-17233524153,,,Committed,,Configure,Fiege,,2023-03-14 13:59:52.044,mdevries,,,,Closed,,,,,,,,,,,,,,,,,Productive System,Test System,,,,,,net.ifao.jira.plugin.pmi.impl.field.searcher.issuelinksoverview.IssueLinksOverview@0,0,,,,,,Hello,,,,,,,,,,,,,"0|i20pql:y92",,,,,,,,,,,,,Retention,,0,,,,,Functional Feature,,,"system:	lcc-lueckertz-fiege
server: world
locations:DE",,3 - Medium Urgent,YES,,,,Codebusters-PI-6.4,Codebusters-PI-7.1,Codebusters-PI-7.2,Codebusters-PI-7.3,,,,,,net.ifao.jira.plugin.pmi.impl.field.StatusInformation.StatusInformation@9573314,net.ifao.jira.plugin.pmi.impl.field.StatusInformation.StatusInformation@1e31da98,net.ifao.jira.plugin.pmi.impl.field.StatusInformation.StatusInformation@19ac8940,net.ifao.jira.plugin.pmi.impl.field.StatusInformation.StatusInformation@7e4b848c,net.ifao.jira.plugin.pmi.impl.field.StatusInformation.StatusInformation@4e34c7c2,net.ifao.jira.plugin.pmi.impl.field.StatusInformation.StatusInformation@5e413186,net.ifao.jira.plugin.pmi.impl.field.StatusInformation.StatusInformation@23da4587,,net.ifao.jira.plugin.pmi.impl.field.searcher.subtaskoverview.SubtaskOverview@0,,,,,,,,,,,,,0,,,,,,Incident Request (IR),,,,,,,,,,0,,,"28/Feb/23 1:33 PM;nsanchezruiz;note: 3 month rule is not enabled

!image-2023-02-28-13-33-19-228.png|width=721,height=360!;;;","14/Mar/23 1:59 PM;mdevries;Hello [~nsanchez]! I checked the configuration and found out that the reason for no per diems is the special overnight case. When the customer ticked the checkbox ""No overnight stay"", but have some absences, the special overnight case get activated and that set the per diems to 0 EUR. Or when the customer choose the employee group ""Berufskraftfahrer"" (professional driver), the special overnight case will be activated automatically and set the per diems to 0 EUR. Is that maybe a correct requirement for the system or should be changed something? For Bali we have the same behavior for this setting!;;;","05/Jun/23 9:30 AM;mstaszek;Hello [~nsanchez] [~devries] :)

What is the status of this CI?;;;","05/Jun/23 9:34 AM;nsanchezruiz;we can close it thanks!;;;",,,,,,,,,,,,,,,,,,,,,,,,,,,,,,,,
porsche:fix the script for enterteinment receipt/ITE-1592,CI-8137,447073,Expense Delivery,Closed,CI,codebusters,software,mrohkamm,,,Done,,nsanchezruiz,nsanchezruiz,08/Feb/23 1:39 PM,07/Mar/23 9:12 AM,06/Jul/23 5:04 PM,07/Mar/23 9:12 AM,14/Feb/23 12:00 AM,0,CICouncil_Candidate,TOP_Customer,,"please as per ITE-1592

The custom Java Script in the Engine is not taking the exchange rate into account. So the script does not compare the EUR amount, but the original amount with 60 ... (see validation.Entertainment.4)
{code:java}
    log.debug(""FDF 'Event number PVGM' should be mandatory for internal participants with an amount above 60 EUR"");
    
    if (element.isInternal() || (element.isMixed() && isEntertainmentInternal(element))) {
        if (isEntertainmentAmountLimitExceeded(element) && !element.getParentReceipt().getStringLinkValue(""expense.entertainment.eventNumberPvgm"")) {
            actionMarker.setActionSuccessfull(false);
            actor.registerError(""error.expense.entertainment.amountLimit.exceeded"");
            actor.registerErrorOn(element.getParentReceipt(), ""error.expense.entertainment.amountLimit.exceeded"");
        }
    }
    
    // According to the agreement with the customer, an entertainment should be ""external"" if the percentage of the third-party participants are > 10%.
    function isEntertainmentInternal(entertainment) {
        return (entertainment.getExternal().size() * 100 / (entertainment.getInternal().size() + entertainment.getExternal().size())) <= 10;
    }
    
    // According to the agreement with the customer, the account number changes for internal entertainments if the amount exceeds 60 EUR.
    function isEntertainmentAmountLimitExceeded(entertainment) {
        return (entertainment.getParentReceipt().getPrice().getAmount() / (entertainment.getInternal().size() + entertainment.getExternal().size())) > 60.0;
    }
    ]]> {code}
It is translated - if receipt amount / internal + external participants >60 then ...

!_SA_Code in question.png|thumbnail!

So in our case if (1348 / (3 + 0 )) >60 ...  and as 1348/3 is 449.33 it actually IS larger than 60 

+solution:+

Ask Codebusters to fix the script - it must take into account the exchange rate, that is stored in the price object ( (entertainment.getParentReceipt().getPrice().getAmount() *{color:#de350b}* rate{color}* )/ (entertainment.getInternal().size() + entertainment.getExternal().size())) > 60.0 )",,segener,,,,,,,,,,,,,,,,,,ITE-1592,,"14/Feb/23 11:29 AM;nsanchezruiz;image-2023-02-14-11-29-25-860.png;https://jira.ifao.net/secure/attachment/183588/image-2023-02-14-11-29-25-860.png",,,,,,,,,,,,,,,,,,,,,,,,,,,,,11.0,,,,,,,,,,03/Feb/23 12:00 AM,,2-17158894463,,,Committed,,Configure,Porsche,,2023-02-14 11:18:47.133,,,,,Closed,,,,,,,,,,,,,,,,,Customer Test System,Productive System,Test System,,,,,net.ifao.jira.plugin.pmi.impl.field.searcher.issuelinksoverview.IssueLinksOverview@27b4af40,0,,,,,,Hello,,,,,,,,,,,,,"0|i1x6b2:yq",,,,,,,,,,,,,Retention,,0,,,,,Functional Feature,,,"system:porsche
server:travel
location: dE - Dr. Ing. h.c. F. Porsche AG (PACE)",,3 - Medium Urgent,YES,,,,Codebusters-PI-6.3,Codebusters-PI-6.4,,,,,,,,net.ifao.jira.plugin.pmi.impl.field.StatusInformation.StatusInformation@9573314,net.ifao.jira.plugin.pmi.impl.field.StatusInformation.StatusInformation@1e31da98,net.ifao.jira.plugin.pmi.impl.field.StatusInformation.StatusInformation@19ac8940,net.ifao.jira.plugin.pmi.impl.field.StatusInformation.StatusInformation@7e4b848c,net.ifao.jira.plugin.pmi.impl.field.StatusInformation.StatusInformation@4e34c7c2,net.ifao.jira.plugin.pmi.impl.field.StatusInformation.StatusInformation@5e413186,net.ifao.jira.plugin.pmi.impl.field.StatusInformation.StatusInformation@23da4587,,net.ifao.jira.plugin.pmi.impl.field.searcher.subtaskoverview.SubtaskOverview@0,,,,,,,,,,,,,0,,,,,,Incident Request (IR),,,,,,,,,,0,,,"14/Feb/23 11:18 AM;jtkacz;Hi [~nsanchez] ,

I found this issue in many location. Should I fix it only in location DE - Dr. Ing. h.c. F. Porsche AG (PACE) or everywhere?;;;","14/Feb/23 11:26 AM;nsanchezruiz;in all in that case, thanks! [~jtkacz] ;;;","14/Feb/23 11:29 AM;nsanchezruiz;bali

!image-2023-02-14-11-29-25-860.png!;;;",,,,,,,,,,,,,,,,,,,,,,,,,,,,,,,,,
Country and/or tax rate not permitted (for this type of receipt),CI-8108,446348,Expense Delivery,Closed,CI,codebusters,software,mrohkamm,,,Done,,nsanchezruiz,nsanchezruiz,06/Feb/23 11:19 AM,13/Feb/23 8:47 AM,06/Jul/23 5:04 PM,13/Feb/23 8:47 AM,09/Feb/23 12:00 AM,0,,,,"h2. issue reported:

at time to calculate Es for country Belgium with tax 6% we get error:

{color:#de350b}Country and/or tax rate not permitted (for this type of receipt){color}

example: 
#9222128 Created 31.01.2023 15:08
(it is reproducible with new ES)
log: https://es.secure.ifao.net/s/ng/goto/4995b6cc64282d70c5d68968a7c72c5e
!image-2023-02-06-11-11-19-538.png!
h2. target:

please fix issue so it accepts correctly tax 6% for country Belgium

 

thank you

 

 
h1.",,,,,,,,,,,,,,,,,,,,,,"06/Feb/23 11:11 AM;nsanchezruiz;image-2023-02-06-11-11-19-538.png;https://jira.ifao.net/secure/attachment/182437/image-2023-02-06-11-11-19-538.png",,,,,,,,,,,,,,,,,,,,,,,,,,,,,9.0,,,,,,,,,,01/Feb/23 12:00 AM,,2-17151158383,,,Committed,,Configure,Munckhof,,,,,,,Closed,,,,,,,,,,,,,,,,,Productive System,Test System,,,,,,net.ifao.jira.plugin.pmi.impl.field.searcher.issuelinksoverview.IssueLinksOverview@0,0,,,,,,Hello,,,,,,,,,,,,,"0|i1x6b2:f",,,,,,,,,,,,,Retention,,0,,,,,Functional Feature,,,"sysrtem:Munckhof-Enterprise-Nedschroef
server:travel
locations: BE
",,3 - Medium Urgent,YES,,,,Codebusters-PI-6.3,,,,,,,,,net.ifao.jira.plugin.pmi.impl.field.StatusInformation.StatusInformation@9573314,net.ifao.jira.plugin.pmi.impl.field.StatusInformation.StatusInformation@1e31da98,net.ifao.jira.plugin.pmi.impl.field.StatusInformation.StatusInformation@19ac8940,net.ifao.jira.plugin.pmi.impl.field.StatusInformation.StatusInformation@7e4b848c,net.ifao.jira.plugin.pmi.impl.field.StatusInformation.StatusInformation@4e34c7c2,net.ifao.jira.plugin.pmi.impl.field.StatusInformation.StatusInformation@5e413186,net.ifao.jira.plugin.pmi.impl.field.StatusInformation.StatusInformation@23da4587,,net.ifao.jira.plugin.pmi.impl.field.searcher.subtaskoverview.SubtaskOverview@0,,,,,,,,,,,,,0,,,,,,Incident Request (IR),,,,,,,,,,0,,,"06/Feb/23 11:20 AM;nsanchezruiz;config

# Tax rates
# Format:
# countryCode~Key~rate

NL~expense.baseReceipt.taxRate.reduced_2~0.06

DE~expense.baseReceipt.taxRate.reduced.DE~0.07
DE~expense.baseReceipt.taxRate.regular.DE~0.19

FR~expense.baseReceipt.taxRate.reduced.FR~0.1
FR~expense.baseReceipt.taxRate.reduced_2.FR~0.055
FR~expense.baseReceipt.taxRate.reduced_3.FR~0.021
FR~expense.baseReceipt.taxRate.regular.FR~0.2
-----------------------------
vegas
typeName code=""expense.baseReceipt.taxRate.0600"">
            <name locale=""en_US"">6%</name>
            <name locale=""de_DE"">6%</name>

------------------------------------
statutory: expense.BE.absence.AllowanceReductionPercentage=0.6;;;","10/Feb/23 10:28 AM;nsanchezruiz;bali 
369364
assigned to Expense Manager
|
Created 10.02.2;;;",,,,,,,,,,,,,,,,,,,,,,,,,,,,,,,,,,
porsche:wrong gl account /CI-7306,CI-8099,446053,Expense Delivery,Closed,CI,codebusters,software,mrohkamm,,,Done,,nsanchezruiz,nsanchezruiz,03/Feb/23 8:59 AM,07/Mar/23 1:27 PM,06/Jul/23 5:04 PM,07/Mar/23 1:27 PM,06/Feb/23 12:00 AM,0,escalated,TOP_Customer,,"As per CI-7306 gl account for hospitality should be as follows:

!image-2023-02-03-08-52-04-697.png!
(also attached)
h2. current:

example:#8972226 
Created 23.12.2022 10:40 |
accounted 23.01.2023 14:53
!image-2023-02-03-08-57-10-792.png|thumbnail! 
log: [https://es.secure.ifao.net/s/ee/goto/e924e7842ddf1f188fe095a36a97a2cb]
postingRecord:
<description>Bewirtung Mitarbeiter</description>
<accountNumber>0000661606</accountNumber>
<costCenter>0000002195</costCenter>
<amount>108.5</amount>
<netAmount>91.18</netAmount>
<taxRate>0.19</taxRate>
<taxAmount>17.32</taxAmount>
<taxRateKey>V9</taxRateKey>
<postingKey>40</postingKey>
<postingRecordType>DEBIT</postingRecordType>
<elementID>8973050</elementID>
<allowNegativeWageAmounts>false</allowNegativeWageAmounts>
</postingRecord>
<postingRecord>
<description>Bewirtung Trinkgeld</description>
<accountNumber>0000661606</accountNumber>
<costCenter>0000002195</costCenter>
<amount>15.5</amount>
<netAmount>15.5</netAmount>
<taxRate>0.0</taxRate>
<taxAmount>0.0</taxAmount>
<taxRateKey>VN</taxRateKey>
<postingKey>40</postingKey>
<postingRecordType>DEBIT</postingRecordType>
<elementID>8972932</elementID>
<allowNegativeWageAmounts>false</allowNegativeWageAmounts>
</postingRecord>
<postingRecord>
<description>Bewirtung Mitarbeiter</description>
<accountNumber>0000661606</accountNumber>
<costCenter>0000002195</costCenter>
<amount>176.0</amount>
<netAmount>164.49</netAmount>
<taxRate>0.07</taxRate>
<taxAmount>11.51</taxAmount>
<taxRateKey>V2</taxRateKey>
<postingKey>40</postingKey>
<postingRecordType>DEBIT</postingRecordType>
<elementID>8972932</elementID>
<allowNegativeWageAmounts>false</allowNegativeWageAmounts>
</postingRecord>
h2. target:

1- please fix as soon as possible to reflect correct gl

configuartion seems correct though:
!image-2023-02-03-08-56-28-787.png|thumbnail! 
!image-2023-02-03-08-58-49-194.png|thumbnail!

2- advise root cause",,segener,,,,,,,,,,,,,,,,CI-7306,,CI-7306,,"03/Feb/23 9:02 AM;nsanchezruiz;8972226 Abendessen Abteilungsworkshop MAV.pdf;https://jira.ifao.net/secure/attachment/182276/8972226+Abendessen+Abteilungsworkshop+MAV.pdf","03/Feb/23 9:02 AM;nsanchezruiz;Kontierung-Cytric Expense PACE (1).xlsx;https://jira.ifao.net/secure/attachment/182275/Kontierung-Cytric+Expense+PACE+%281%29.xlsx","03/Feb/23 8:52 AM;nsanchezruiz;image-2023-02-03-08-52-04-697.png;https://jira.ifao.net/secure/attachment/182274/image-2023-02-03-08-52-04-697.png","03/Feb/23 8:56 AM;nsanchezruiz;image-2023-02-03-08-56-28-787.png;https://jira.ifao.net/secure/attachment/182273/image-2023-02-03-08-56-28-787.png","03/Feb/23 8:57 AM;nsanchezruiz;image-2023-02-03-08-57-10-792.png;https://jira.ifao.net/secure/attachment/182272/image-2023-02-03-08-57-10-792.png","03/Feb/23 8:58 AM;nsanchezruiz;image-2023-02-03-08-58-49-194.png;https://jira.ifao.net/secure/attachment/182271/image-2023-02-03-08-58-49-194.png","08/Feb/23 9:54 AM;nsanchezruiz;image-2023-02-08-09-54-55-742.png;https://jira.ifao.net/secure/attachment/182856/image-2023-02-08-09-54-55-742.png",,,,,,,,,,,,,,,,,,,,,,,11.0,,,,,,,,,,02/Feb/23 12:00 AM,,2-17156679813,,,Committed,,Configure,Porsche,,2023-03-07 07:00:15.608,,,,,Closed,,,,,,,,,,,,,,,,,Customer Test System,Productive System,Test System,,,,,net.ifao.jira.plugin.pmi.impl.field.searcher.issuelinksoverview.IssueLinksOverview@c8167fde,0,,,,,,Hello,,,,,,,,,,,,,"0|i1x6b2:8",,,,,,,,,,,,,Retention,,0,,,,,Functional Feature,,,"system:porsche
server: travel
location: DE - Dr. Ing. h.c. F. Porsche AG (PACE),",,3 - Medium Urgent,YES,,,,Codebusters-PI-6.3,Codebusters-PI-6.4,,,,,,,,net.ifao.jira.plugin.pmi.impl.field.StatusInformation.StatusInformation@9573314,net.ifao.jira.plugin.pmi.impl.field.StatusInformation.StatusInformation@1e31da98,net.ifao.jira.plugin.pmi.impl.field.StatusInformation.StatusInformation@19ac8940,net.ifao.jira.plugin.pmi.impl.field.StatusInformation.StatusInformation@7e4b848c,net.ifao.jira.plugin.pmi.impl.field.StatusInformation.StatusInformation@4e34c7c2,net.ifao.jira.plugin.pmi.impl.field.StatusInformation.StatusInformation@5e413186,net.ifao.jira.plugin.pmi.impl.field.StatusInformation.StatusInformation@23da4587,,net.ifao.jira.plugin.pmi.impl.field.searcher.subtaskoverview.SubtaskOverview@0,,,,,,,,,,,,,0,,,,,,Incident Request (IR),,,,,,,,,,0,,,"08/Feb/23 9:47 AM;nsanchezruiz;notes:

Entertainment external are ""entertainments of business associates"" (Bewirtung Geschäftsfreunde) and internals are ""entertainments employees"" (Bewirtung Mitarbeiter). In your example are only externals, 

An entertainment is always ""external"" when you have at least one external participant ;;;","08/Feb/23 9:55 AM;nsanchezruiz;bali
#368878
li !image-2023-02-08-09-54-55-742.png!;;;","07/Mar/23 7:00 AM;pwenner;Escalation accepted, label added.
TOP Customer, due date missed and request from customer to pass this from STAGING to PRODUCTION first received on 20FEB :(;;;",,,,,,,,,,,,,,,,,,,,,,,,,,,,,,,,,
Investigate and fix the script error in the ama-es-ch system on production,CI-8054,443576,Expense Delivery,Closed,CI,codebusters,software,mrohkamm,,,Done,,tsteinhaeuser,tsteinhaeuser,25/Jan/23 10:54 AM,10/Feb/23 4:07 PM,06/Jul/23 5:04 PM,10/Feb/23 9:53 AM,01/Feb/23 12:00 AM,0,CICouncil_Candidate,escalated,,"Hello Codebusters,

when I checked our engine logs on kibana prod I noticed the occurrence of multiple rg.graalvm.polyglot.PolyglotException in the ama-es-ch system.

TypeError: invokeMember (setCostCenter) on net.ifao.expense.customScripts.wrapper.PostingRecordWrapper(...)failed due to: Cannot convert '0'(language: Java, type: java.lang.Integer) to Java type 'java.lang.String': Invalid or lossy primitive coercion.

The execption is thrown during the addVehicleDebitPostingRecord method call in the first js script in the ExpenseData hook of the postingRecordGeneration phase in the custom logic configurations in the location country GB.

Please fix the error.
 * System:           ama-es-ch
 * Country:         GB
 * Phase/Hook:   postingRecordGeneration/ExpenseData
 * Subactor:        net.ifao.expense.logic.customSubActors.CustomScriptSubActor
 * KibanaLogs example:
        https://es.secure.ifao.net/s/ee/app/kibana#/doc/3afe1f90-e0e8-11ec-b748-a7b709a9fb27/ee.1-2023.04/doc?id=U4jI5IUBugrCUMgQcxEO&_g=",,debert,tsteinhaeuser,,,,,,,,,,,,,,,ITE-1552,,CI-6103,,"09/Feb/23 2:32 PM;nsanchezruiz;image-2023-02-09-14-32-55-669.png;https://jira.ifao.net/secure/attachment/183130/image-2023-02-09-14-32-55-669.png",,,,,,,,,,,,,,,,,,,,,,,,,,,,,7.0,,,,,,,,,,25/Jan/23 12:00 AM,,2-17129936323,,,Committed,,Configure,Expense Development,,2023-01-26 08:42:39.083,,,,,Closed,,,,,,,,,,,,,,,,,Productive System,,,,,,,net.ifao.jira.plugin.pmi.impl.field.searcher.issuelinksoverview.IssueLinksOverview@bc09a8e7,0,,,,,,Hello,,,,,,,,,,,,,"0|i1rkcl:hzyzuzzzzztzj",,,,,,,,,,,,,Retention,,0,,,,,Functional Feature,,,,,3 - Medium Urgent,YES,,,,Codebusters-PI-6.2,Codebusters-PI-6.3,,,,,,,,net.ifao.jira.plugin.pmi.impl.field.StatusInformation.StatusInformation@9573314,net.ifao.jira.plugin.pmi.impl.field.StatusInformation.StatusInformation@1e31da98,net.ifao.jira.plugin.pmi.impl.field.StatusInformation.StatusInformation@19ac8940,net.ifao.jira.plugin.pmi.impl.field.StatusInformation.StatusInformation@7e4b848c,net.ifao.jira.plugin.pmi.impl.field.StatusInformation.StatusInformation@4e34c7c2,net.ifao.jira.plugin.pmi.impl.field.StatusInformation.StatusInformation@5e413186,net.ifao.jira.plugin.pmi.impl.field.StatusInformation.StatusInformation@23da4587,,net.ifao.jira.plugin.pmi.impl.field.searcher.subtaskoverview.SubtaskOverview@0,,,,,,,,,,,,,0,,,,,,Incident Request (IR),,,,,,,,,,0,,,"26/Jan/23 8:42 AM;nsanchezruiz;several ES affected

 ;;;","26/Jan/23 9:52 AM;nsanchezruiz;we will need root cause to provide it to client. thanks;;;","09/Feb/23 2:32 PM;nsanchezruiz;bali

!image-2023-02-09-14-32-55-669.png!;;;",,,,,,,,,,,,,,,,,,,,,,,,,,,,,,,,,
egis: missing data for Invitation receipts,CI-8008,441342,Expense Delivery,Closed,CI,codebusters,software,mrohkamm,,,Rejected,,nsanchezruiz,nsanchezruiz,13/Jan/23 10:16 AM,23/Feb/23 8:43 AM,06/Jul/23 5:04 PM,23/Feb/23 8:43 AM,18/Jan/23 12:00 AM,0,waitingForFeedback,,,"receipts created on CI-7442

BT53 - Invitation Reception Lunch

BT54 - Invitation Reception Dinner

have the normal entertainment behavior missing: 

!image-2023-01-13-10-12-06-922.png!
{color:#DE350B}
not occasion/location/tip/add attendee possibility {color}

correct should be as above receipt

 

current:

!image-2023-01-13-10-13-38-256.png!
 !image-2023-01-13-10-13-48-796.png|thumbnail! 

 target: please set up above receipts as BT50-INVITATION with correct fields

thank you",,,,,,,,,,,,,,,,,,,,CI-7442,,"13/Jan/23 10:12 AM;nsanchezruiz;image-2023-01-13-10-12-06-922.png;https://jira.ifao.net/secure/attachment/179451/image-2023-01-13-10-12-06-922.png","13/Jan/23 10:13 AM;nsanchezruiz;image-2023-01-13-10-13-38-256.png;https://jira.ifao.net/secure/attachment/179450/image-2023-01-13-10-13-38-256.png","13/Jan/23 10:13 AM;nsanchezruiz;image-2023-01-13-10-13-48-796.png;https://jira.ifao.net/secure/attachment/179449/image-2023-01-13-10-13-48-796.png","16/Jan/23 10:59 AM;gmalarski;image-2023-01-16-10-59-55-988.png;https://jira.ifao.net/secure/attachment/179759/image-2023-01-16-10-59-55-988.png","17/Jan/23 12:26 PM;nsanchezruiz;image-2023-01-17-12-26-47-325.png;https://jira.ifao.net/secure/attachment/180043/image-2023-01-17-12-26-47-325.png","31/Jan/23 2:42 PM;nsanchezruiz;image-2023-01-31-14-42-06-292.png;https://jira.ifao.net/secure/attachment/181805/image-2023-01-31-14-42-06-292.png","17/Jan/23 12:27 PM;nsanchezruiz;screenshot-1.png;https://jira.ifao.net/secure/attachment/180044/screenshot-1.png",,,,,,,,,,,,,,,,,,,,,,,16.0,,,,,,,,,,13/Jan/23 12:00 AM,,2-17084895183,,,Committed,,Configure,Egis,,2023-01-16 11:00:31.615,,,,,Closed,,,,,,,,,,,,,,,,,Customer Test System,Productive System,Test System,,,,,net.ifao.jira.plugin.pmi.impl.field.searcher.issuelinksoverview.IssueLinksOverview@17ec02c5,0,,,,,,Hello,,,,,,,,,,,,,"0|i1rkcl:hzyzuzzzzztyzzzzzzy9",,,,,,,,,,,,,Retention,,0,,,,,Functional Feature,,,"system:ama-fr-egis
server: amadeus
locations:all",,3 - Medium Urgent,YES,,,,Codebusters-PI-6.2,Codebusters-PI-6.3,,,,,,,,net.ifao.jira.plugin.pmi.impl.field.StatusInformation.StatusInformation@9573314,net.ifao.jira.plugin.pmi.impl.field.StatusInformation.StatusInformation@1e31da98,net.ifao.jira.plugin.pmi.impl.field.StatusInformation.StatusInformation@19ac8940,net.ifao.jira.plugin.pmi.impl.field.StatusInformation.StatusInformation@7e4b848c,net.ifao.jira.plugin.pmi.impl.field.StatusInformation.StatusInformation@4e34c7c2,net.ifao.jira.plugin.pmi.impl.field.StatusInformation.StatusInformation@5e413186,net.ifao.jira.plugin.pmi.impl.field.StatusInformation.StatusInformation@23da4587,,net.ifao.jira.plugin.pmi.impl.field.searcher.subtaskoverview.SubtaskOverview@0,,,,,,,,,,,,,0,,,,,,Incident Request (IR),,,,,,,,,,0,,,"13/Jan/23 10:22 AM;nsanchezruiz;*{color:#DE350B}IMPORTANT{color}*
client notes:
for the VAT rate, there is a choice either 20% or 0%, but you must have all the other rates.
When we choose BT53 and 54, we need the invitations part to quote the guest list;;;","13/Jan/23 2:35 PM;nsanchezruiz;waiting confirmation from sandra of correct behavior;;;","16/Jan/23 11:00 AM;gmalarski;As discussed via mail with Vanessa, only two extra tax rates need to be added to BT53 and BT54 receipts
!image-2023-01-16-10-59-55-988.png!;;;","17/Jan/23 12:27 PM;nsanchezruiz;bali

!image-2023-01-17-12-26-47-325.png!
 !screenshot-1.png|thumbnail! ;;;","19/Jan/23 10:28 AM;nsanchezruiz;[~gmalarski]  client is chasing case, can u pls tell me when it will be ready in staging?

thank you!;;;","20/Jan/23 10:05 AM;gmalarski;Hi [~nsanchez] , can be check on staging :);;;","27/Jan/23 11:54 AM;nsanchezruiz;[~gmalarski]  as per Vanessa email these receipts required :

the FDF on attendees + company name  (similar behavior than they used to have on BT50) for BT 53 & 54.

as they dont use staging please add changes first in test location:

FR-EGIS – TEST – SOCT, Guyancourt

 

thank you

 

thanks;;;","27/Jan/23 12:34 PM;nsanchezruiz;[~gmalarski]  vat is correct, they said that deployment  can be loaded all locations, thanks

 ;;;","31/Jan/23 2:43 PM;nsanchezruiz;bali !image-2023-01-31-14-42-06-292.png!;;;","22/Feb/23 3:56 PM;mkuchciak;Hi [~nsanchez],

Any news from the customer? Changes were merged 20 days ago.

Thanks!;;;","22/Feb/23 3:58 PM;nsanchezruiz;[~mkuchciak]  pls close case client closed ocvx case

thanks!;;;",,,,,,,,,,,,,,,,,,,,,,,,,
CEPSA - Update change upgrade version start date ,CI-8004,441284,Expense Delivery,Closed,CI,codebusters,software,mrohkamm,,,Done,,yutaka.yasumi,yutaka.yasumi,13/Jan/23 4:01 AM,25/Jan/23 7:10 AM,06/Jul/23 5:04 PM,25/Jan/23 7:10 AM,16/Jan/23 12:00 AM,0,CICouncil_Candidate,,,"Hello team,



I received an error that FDF Approver did not select the correct approver and opened ITE-1508.

The ITE team mentioned me that the configuration should be pushed to the system again.
!image-2023-01-13-11-59-11-345.png|width=771,height=552!

Could you Please update the version and start date on main config.

Upgrade version: update date
Date: 01-01-2016

Best regards,
Yutaka",,,,,,,,,,,,,,,,,,ITE-1530,,ITE-1508,ITE-1501,"13/Jan/23 3:59 AM;yutaka.yasumi;image-2023-01-13-11-59-11-345.png;https://jira.ifao.net/secure/attachment/179425/image-2023-01-13-11-59-11-345.png",,,,,,,,,,,,,,,,,,,,,,,,,,,,,7.0,,,,,cytric,,,,,04/Jan/23 12:00 AM,,2-17041609523,,,Committed,,Configure,CEPSA,,2023-01-17 11:39:41.4,,,,,Closed,,,,,,,,,,,,,,,,,Productive System,,,,,,,net.ifao.jira.plugin.pmi.impl.field.searcher.issuelinksoverview.IssueLinksOverview@b2260811,0,,,,,,Hello,,,,,,,,,,,,,"0|i1rkcl:hzyzuzzzzztyzzzzzzxi",,,,,,,,,,,,,Retention,,0,,,,,Functional Feature,,,"Amadeus / ama-es-cepsa
Location: All (main config)",,3 - Medium Urgent,YES,,,,Codebusters-PI-6.2,,,,,,,,,net.ifao.jira.plugin.pmi.impl.field.StatusInformation.StatusInformation@9573314,net.ifao.jira.plugin.pmi.impl.field.StatusInformation.StatusInformation@1e31da98,net.ifao.jira.plugin.pmi.impl.field.StatusInformation.StatusInformation@19ac8940,net.ifao.jira.plugin.pmi.impl.field.StatusInformation.StatusInformation@7e4b848c,net.ifao.jira.plugin.pmi.impl.field.StatusInformation.StatusInformation@4e34c7c2,net.ifao.jira.plugin.pmi.impl.field.StatusInformation.StatusInformation@5e413186,net.ifao.jira.plugin.pmi.impl.field.StatusInformation.StatusInformation@23da4587,,net.ifao.jira.plugin.pmi.impl.field.searcher.subtaskoverview.SubtaskOverview@0,,,,,,,,,,,,,0,,,,,,Incident Request (IR),,,,,,,,,,0,,,"17/Jan/23 11:39 AM;hdominguezmartinez;Hi,

could you please execute this process with urgency? Customer is suffering the problem with the FDF since 05.01;;;","25/Jan/23 7:10 AM;yutaka.yasumi;From CI-10231433
Thank you;;;",,,,,,,,,,,,,,,,,,,,,,,,,,,,,,,,,,
hugoboss: update IT configuration template rules,CI-7949,438746,Expense Delivery,Closed,CI,codebusters,software,mrohkamm,,,Done,,nsanchezruiz,nsanchezruiz,03/Jan/23 10:53 AM,20/Jan/23 9:41 AM,06/Jul/23 5:04 PM,20/Jan/23 9:41 AM,10/Jan/23 12:00 AM,0,,,,"Hug boss claim that for their IT locations  the following:

´´Italian rules applies to Italy but this should not be the case as we decided to use the HUGO BOSS Switzerland template for Italy´´

´´{{{}Please adjust the receipt as requested during implementation -{}}}
{{car rental (noleggio auto) can be reimbursed upon request and must be booked on GL account 660030 (posting key 40 for debit - costs). ´´}}

 

as per ITE-1406 they have an issue with receipts as they are applying the IT law,

so for the receipts to be as CH we will need to fix issue as mentioned in ite:

 

2) They want to not use IT market template - ask codebusters to properly overwrite the receipt calculation hook in customLogic.properties.xml then

 

 ",,,,,,,,,,,,,,,,,,,,ITE-1382,ITE-1406,"17/Jan/23 12:22 PM;nsanchezruiz;image-2023-01-17-12-22-52-932.png;https://jira.ifao.net/secure/attachment/180036/image-2023-01-17-12-22-52-932.png","18/Jan/23 9:32 AM;nsanchezruiz;image-2023-01-18-09-32-01-586.png;https://jira.ifao.net/secure/attachment/180202/image-2023-01-18-09-32-01-586.png",,,,,,,,,,,,,,,,,,,,,,,,,,,,16.0,,,,,,,,,,21/Nov/22 12:00 AM,,2-16856915603,,,Committed,,Configure,Hugo Boss,,,,,,,Closed,,,,,,,,,,,,,,,,,Customer Test System,Productive System,Test System,,,,,net.ifao.jira.plugin.pmi.impl.field.searcher.issuelinksoverview.IssueLinksOverview@1ab47c42,0,,,,,,Hello,,,,,,,,,,,,,"0|i1rkcl:hzyzuzzzzztyzzzzt",,,,,,,,,,,,,Retention,,0,,,,,Functional Feature,,,"system:hugo boss
server:amadeus
locations:IT
",,3 - Medium Urgent,YES,,,,Codebusters-PI-6.1,Codebusters-PI-6.2,,,,,,,,net.ifao.jira.plugin.pmi.impl.field.StatusInformation.StatusInformation@9573314,net.ifao.jira.plugin.pmi.impl.field.StatusInformation.StatusInformation@1e31da98,net.ifao.jira.plugin.pmi.impl.field.StatusInformation.StatusInformation@19ac8940,net.ifao.jira.plugin.pmi.impl.field.StatusInformation.StatusInformation@7e4b848c,net.ifao.jira.plugin.pmi.impl.field.StatusInformation.StatusInformation@4e34c7c2,net.ifao.jira.plugin.pmi.impl.field.StatusInformation.StatusInformation@5e413186,net.ifao.jira.plugin.pmi.impl.field.StatusInformation.StatusInformation@23da4587,,net.ifao.jira.plugin.pmi.impl.field.searcher.subtaskoverview.SubtaskOverview@0,,,,,,,,,,,,,0,,,,,,Incident Request (IR),,,,,,,,,,0,,,"03/Jan/23 10:57 AM;nsanchezruiz;IMPORTANT

 

client claims this configuration should have been in place since IT was first stablished, can you please advise why is not following Ch template and what else has to be fixed to be followed?

 

thank you;;;","17/Jan/23 12:22 PM;nsanchezruiz;bali test

<description>Car Rental</description>
                    <accountNumber>660030</accountNumber>
                    <costCenter>1234567891</costCenter>
                    <amount>20.0</amount>
                    <netAmount>20.0</netAmount>
                    <taxRate>0.0</taxRate>
                    <taxAmount>0.0</taxAmount>
                    <taxRateKey>B0</taxRateKey>
                    <postingKey>40</postingKey>
                    <postingRecordType>DEBIT</postingRecordType>
                    <elementID>365935</elementID>

!image-2023-01-17-12-22-52-932.png!;;;","18/Jan/23 9:32 AM;nsanchezruiz;staging failed !image-2023-01-18-09-32-01-586.png!;;;","20/Jan/23 9:41 AM;nsanchezruiz;prd 
#14023618
a;;;",,,,,,,,,,,,,,,,,,,,,,,,,,,,,,,,
ÖBB: Paid By Company Information is overwritten,CI-7375,411778,Expense Delivery,Closed,CI,codebusters,software,mrohkamm,,,Done,,debert,debert,01/Sep/22 12:49 PM,15/Mar/23 11:05 AM,06/Jul/23 5:04 PM,27/Jan/23 11:47 AM,15/Sep/22 12:00 AM,0,TOP_Customer,waitingForFeedback,WeekTriage,"*Current Situation*

Paid by company receipts are accounted to 864A 

 

*Future Situation*

!screenshot-1.png|thumbnail! 
Paid by company accounts

 

*Root Cause*

The paid by company accounting is generated properly, but overwritten by this script

https://repository.secure.ifao.net:7443/projects/EXP/repos/engine-configs/browse/CalculationConfiguration/oebb/at/default/20180101-99990101/customlogic.properties.xml#739",,askarja,fraphose,mstiehl,,,,,,,,,,CI-7519,,,,CI-7885,ITE-1083,,,"07/Oct/22 1:36 PM;nsanchezruiz;image-2022-10-07-13-36-00-110.png;https://jira.ifao.net/secure/attachment/167722/image-2022-10-07-13-36-00-110.png","16/Nov/22 11:58 AM;ddykiert;image-2022-11-16-11-58-10-131.png;https://jira.ifao.net/secure/attachment/172513/image-2022-11-16-11-58-10-131.png","07/Oct/22 7:00 PM;debert;screenshot-1.png;https://jira.ifao.net/secure/attachment/167778/screenshot-1.png",,,,,,,,,,,,,,,,,,,,,,,,,,,17.0,,,,,,,,,,05/Aug/22 12:00 AM,,2-16402277433,,,Committed,,Configure,OBB,,2022-09-06 09:31:04.369,,,,,Closed,,,,,,,,,,,,,,,,,Customer Test System,Productive System,Test System,,,,,net.ifao.jira.plugin.pmi.impl.field.searcher.issuelinksoverview.IssueLinksOverview@8e26309b,0,,,,,,Hello,,,,,,,,,,,,,"0|i1rkcl:hzx5qb",,,,,,,,,,,,,Retention,,0,,,,,Functional Feature,,,"server: mega
system: oebb",,3 - Medium Urgent,YES,,,,Codebusters-PI4.5,Codebusters-PI5.1,Codebusters-PI5.2,Codebusters-PI5.3,Codebusters-PI5.4,Codebusters-PI-6.1,Codebusters-PI-6.2,,,net.ifao.jira.plugin.pmi.impl.field.StatusInformation.StatusInformation@9573314,net.ifao.jira.plugin.pmi.impl.field.StatusInformation.StatusInformation@1e31da98,net.ifao.jira.plugin.pmi.impl.field.StatusInformation.StatusInformation@19ac8940,net.ifao.jira.plugin.pmi.impl.field.StatusInformation.StatusInformation@7e4b848c,net.ifao.jira.plugin.pmi.impl.field.StatusInformation.StatusInformation@4e34c7c2,net.ifao.jira.plugin.pmi.impl.field.StatusInformation.StatusInformation@5e413186,net.ifao.jira.plugin.pmi.impl.field.StatusInformation.StatusInformation@23da4587,,net.ifao.jira.plugin.pmi.impl.field.searcher.subtaskoverview.SubtaskOverview@0,,,,,,,,,,,,,0,,,,,,Incident Request (IR),,,,,,,,,,0,,,"06/Sep/22 9:31 AM;pwenner;Escalation accepted, WeekTriage label added, Top Customer label added;;;","06/Sep/22 9:44 AM;debert;Receipt Types that have their own defined paid by company Account remain unchanged;;;","07/Oct/22 1:36 PM;nsanchezruiz;[~dykiert] 

Doreen comments:

 

!image-2022-10-07-13-36-00-110.png!

pbc receipts accounts:
|expense.basereceipt.receipt.oebb.rental.car + TypeOfReceipt.PAID_BY_COMPANY_SUFFIX, ""Mietwagen"", ""964Y""|
|expense.basereceipt.receipt.ticket.flatRate"" + TypeOfReceipt.PAID_BY_COMPANY_SUFFIX, ""Bahnticket"", ""964B""|
|expense.basereceipt.receipt.ticket.flatRate"" + TypeOfReceipt.PAID_BY_COMPANY_SUFFIX, ""Bahnticket"", ""964B""|
| | | | | | | | | | | |;;;","10/Oct/22 9:43 PM;debert;please see comment in the chat. changes for Fahrtauslage are overwritting changes for Dienstreise;;;","11/Oct/22 8:59 AM;debert;Looking good. let's wait for ÖBBs feedback after the call;;;","19/Oct/22 9:43 AM;ddykiert;Hello [~ebert] any news?;;;","19/Oct/22 9:46 AM;debert;[~dykiert]  Please discuss with Kerstin or Marc. I am not responsible for ÖBB. I am only creating and checking the tickets

 

[~buerger] ;;;","25/Oct/22 9:41 AM;ddykiert;Hello [~ebert] , Kerstin is away until 18th Nov. Which Marc should I contact for ÖBB? ;;;","27/Oct/22 11:08 AM;pwenner;Please contact [~mstiehl] 
[~dykiert] :);;;","03/Nov/22 7:15 AM;ddykiert;thanks [~wenner] ;;;","14/Nov/22 2:20 PM;debert;[~wenner]  [~dykiert] 

after check on production, the current deployment on Bali does not reflect their currenty posting. They have no Credit Postings. Everything is done to Debit. 

However, after disucssion with ÖBB, they don't care if we post Credit or Debit, they only care for the correct Account. 

I assume that this implementation we currenty see on production was done because they asked to have the paid by company removed from Credit and doing this, Credit and Debit are no longer balanced (as paid by company generates a Credit and Debit line)

 

Please adjust the Posting on Bali. 

 

This whole posting needs discussion with Marius for a scenario that is not possible today - you either say - post paid by company, or do not post paid by company. But it is not possible to say, only post Credit / Debit.

A custom script for sure is not the best way as you can see from the massive questions and issues we face with this CI;;;","16/Nov/22 8:11 AM;ddykiert;Hello [~ebert] , I am not able to create statements with pbc receipts from scratch. Can you provide me some statement ids please?;;;","16/Nov/22 8:19 AM;debert;[~dykiert] there is an existing Statement on Bali. And all scripts to check pbc should have been removed on Bali;;;","16/Nov/22 9:59 AM;ddykiert;true, but I want to see how it looks on production to adjust it on bali;;;","16/Nov/22 10:35 AM;debert;[~dykiert] i m not allowed to touch production. Please ask CUS;;;","16/Nov/22 12:05 PM;ddykiert;[~ebert] if I am understanding correctly they do not care which type we post. So why not posting credit and debit to get the pbc lines balanced again like we are doing. Bali seems to be correct in my opinion? just calculated and here's a screen:  

!image-2022-11-16-11-58-10-131.png|width=390,height=326!

[~ebert] can you explain to me what to adjust here please because from your previous comments I can read that it was looking good;;;","16/Nov/22 12:15 PM;debert;[~dykiert] I said in my previous comment that the accounts look good. That the posting is not what ÖBB is expecting is something I learned in the call with them. And within the whole company, noone was able to tell me why this is done this way. So please adjust the posting to the way it works in production, making sure we take the proper accounts as on Bali. 

And afterwards bring this to the Custom Board. The posting manipulation that is done here is raising more issues than it acutally helpls solving a customer need. ;;;","18/Nov/22 1:48 PM;ddykiert;[~ebert]

adjusted on bali, please check if it is okay now before I push it to staging.;;;","21/Nov/22 10:38 AM;debert;[~dykiert] Please also remove the check for Other travel expenses to be paid by company and amount 0;;;","21/Nov/22 12:32 PM;ddykiert;done [~ebert] ;;;","21/Nov/22 9:28 PM;debert;[~dykiert] the check for paid by company is still present. please remove this so I can give a PDF to ÖBB that has each receipt in paid by company and paid by Traveler;;;","22/Nov/22 10:14 AM;ddykiert;Hello [~ebert] , I've removed this check on bali and it is working for me. Added several pbc receipts to my statement and it was calculated. Can you provide me the exact error message so that I can find another validation easier?;;;","22/Nov/22 10:27 AM;debert;[~dykiert] the receipt type is automatically set to paid by company which should be removed for the file we like to prepare ;;;","22/Nov/22 11:15 AM;ddykiert;done [~ebert] ;;;","22/Nov/22 12:27 PM;debert;[~dykiert] the general paid by company account for Dienstreise is ""9RBZ"", unless we have Hotel, Rail, Car. The three are taken properly but for the other paid by company receipts we have under Dienstreise, we take the accounts for paid by Traveller. but in case of paid by company we need ""9RBZ""

For Fahrtauslage, we are creating a new Statement to check
Edit, same for Fahrtauslage. toll which has it is own account is taken for paid by company. but all others that are paid by company come with the paid by employee but should be ""9RBZ"";;;","25/Nov/22 2:01 PM;ddykiert;[~ebert] done on BALI, please verify again.;;;","29/Nov/22 8:18 PM;debert;[~dykiert] This is looks better. I let [~marscholl] get back to the customer;;;","12/Dec/22 8:59 AM;kmarscholl;Dear [~dykiert], please go ahead and implement this CI on STAGING first. I received the confirmation from ÖBB. 

Please wait for the final GO from ÖBB before implementing this CI on MEGA. Thank you!;;;","13/Dec/22 9:56 PM;debert;[~marscholl] [~dykiert] I am not verifying this ticket. I already verfied this multiple times on Bali;;;","14/Dec/22 8:52 AM;kmarscholl;[~ebert] Noted. Ticket will be verified by ÖBB. Thank you.;;;","22/Dec/22 8:39 AM;nsanchezruiz;[~dykiert] feedback from client just in case:

implement all locations;;;","18/Jan/23 6:25 AM;ddykiert;Hello, any news here? [~nsanchez]  [~marscholl] ;;;","18/Jan/23 8:23 AM;kmarscholl;[~dykiert] As I can see in the case, ÖBB still had some questions, that had been added to https://jira.ifao.net/browse/CI-7373

Just waiting for any feedback of Doreen. [~nsanchez] maybe you can send her a reminder? ;;;","23/Jan/23 10:53 AM;kmarscholl;[~dykiert] ÖBB verified this CI in Staging and ask for implementation on MEGA. Please be so kind and do needful. ;;;","26/Jan/23 10:21 AM;ddykiert;Hello [~marscholl] , done and you can close this ticket :);;;","26/Jan/23 10:26 AM;kmarscholl;[~nsanchez]  Can you please be so kind and communicate the implementation on MEGA to ÖBB in the case accordingly? Thank you :) ;;;"
ÖBB: Paid by Company for Flight only present in Betriebsvereinbarung,CI-7373,411758,Expense Delivery,Closed,CI,codebusters,software,mrohkamm,,,Done,,debert,debert,01/Sep/22 12:11 PM,15/Mar/23 12:35 PM,06/Jul/23 5:04 PM,13/Feb/23 6:41 AM,15/Sep/22 12:00 AM,0,TOP_Customer,waitingForFeedback,WeekTriage,"*Current Situation*

Users that are assigned to a Collective Agreement that is different from 'Betriebsvereinbarung' get the paid by company Flight receipts accounted to 864I

 

*Future Situation*

Users that are assigned to a Collective Agreement that is different from 'Betriebsvereinbarung' get the paid by company Flight receipts accounted to the correct account to 964Z

 

 

*Root Cause*

This is missing in the other configuration files. It was only set for 'Betriebsvereinbarung'

https://repository.secure.ifao.net:7443/projects/EXP/repos/engine-configs/browse/CalculationConfiguration/oebb/at/bv_oebb/20180101-99990101/customlogic.properties.xml#916",,askarja,debert,fraphose,nsanchezruiz,,,,,,,,,CI-7519,,,,CI-8314,ITE-1083,,,"12/Feb/23 1:53 PM;debert;Falsche Lohnarten_Check_12.02.xlsx;https://jira.ifao.net/secure/attachment/183322/Falsche+Lohnarten_Check_12.02.xlsx","29/Jan/23 2:45 PM;debert;StatementsChecked.xlsx;https://jira.ifao.net/secure/attachment/181524/StatementsChecked.xlsx","07/Feb/23 7:23 AM;kmarscholl;Verification paid.docx;https://jira.ifao.net/secure/attachment/182577/Verification+paid.docx","07/Feb/23 4:30 PM;debert;image-2023-02-07-16-30-22-984.png;https://jira.ifao.net/secure/attachment/182749/image-2023-02-07-16-30-22-984.png","07/Feb/23 4:31 PM;debert;image-2023-02-07-16-31-01-508.png;https://jira.ifao.net/secure/attachment/182750/image-2023-02-07-16-31-01-508.png","07/Feb/23 4:40 PM;debert;image-2023-02-07-16-40-13-554.png;https://jira.ifao.net/secure/attachment/182755/image-2023-02-07-16-40-13-554.png","08/Feb/23 5:12 PM;debert;image-2023-02-08-17-12-54-929.png;https://jira.ifao.net/secure/attachment/182991/image-2023-02-08-17-12-54-929.png","08/Feb/23 5:13 PM;debert;image-2023-02-08-17-13-16-293.png;https://jira.ifao.net/secure/attachment/182990/image-2023-02-08-17-13-16-293.png","08/Feb/23 5:30 PM;debert;image-2023-02-08-17-30-10-967.png;https://jira.ifao.net/secure/attachment/182994/image-2023-02-08-17-30-10-967.png","08/Feb/23 5:31 PM;debert;image-2023-02-08-17-31-10-502.png;https://jira.ifao.net/secure/attachment/182993/image-2023-02-08-17-31-10-502.png","08/Feb/23 6:00 PM;debert;image-2023-02-08-18-00-30-686.png;https://jira.ifao.net/secure/attachment/182998/image-2023-02-08-18-00-30-686.png","08/Feb/23 6:01 PM;debert;image-2023-02-08-18-01-19-701.png;https://jira.ifao.net/secure/attachment/182997/image-2023-02-08-18-01-19-701.png","08/Feb/23 6:23 PM;debert;image-2023-02-08-18-23-32-506.png;https://jira.ifao.net/secure/attachment/183003/image-2023-02-08-18-23-32-506.png","08/Feb/23 6:24 PM;debert;image-2023-02-08-18-24-30-601.png;https://jira.ifao.net/secure/attachment/183002/image-2023-02-08-18-24-30-601.png","08/Feb/23 7:23 PM;debert;image-2023-02-08-19-23-19-792.png;https://jira.ifao.net/secure/attachment/183014/image-2023-02-08-19-23-19-792.png","08/Feb/23 7:24 PM;debert;image-2023-02-08-19-24-15-457.png;https://jira.ifao.net/secure/attachment/183013/image-2023-02-08-19-24-15-457.png","08/Feb/23 7:38 PM;debert;image-2023-02-08-19-38-19-642.png;https://jira.ifao.net/secure/attachment/183012/image-2023-02-08-19-38-19-642.png","08/Feb/23 7:39 PM;debert;image-2023-02-08-19-39-14-006.png;https://jira.ifao.net/secure/attachment/183011/image-2023-02-08-19-39-14-006.png","08/Feb/23 7:54 PM;debert;image-2023-02-08-19-54-53-497.png;https://jira.ifao.net/secure/attachment/183018/image-2023-02-08-19-54-53-497.png","08/Feb/23 7:55 PM;debert;image-2023-02-08-19-55-47-907.png;https://jira.ifao.net/secure/attachment/183017/image-2023-02-08-19-55-47-907.png","08/Feb/23 8:16 PM;debert;image-2023-02-08-20-16-32-343.png;https://jira.ifao.net/secure/attachment/183016/image-2023-02-08-20-16-32-343.png","08/Feb/23 8:16 PM;debert;image-2023-02-08-20-16-56-955.png;https://jira.ifao.net/secure/attachment/183015/image-2023-02-08-20-16-56-955.png","08/Feb/23 8:34 PM;debert;image-2023-02-08-20-34-55-265.png;https://jira.ifao.net/secure/attachment/183022/image-2023-02-08-20-34-55-265.png","08/Feb/23 8:37 PM;debert;image-2023-02-08-20-37-00-724.png;https://jira.ifao.net/secure/attachment/183021/image-2023-02-08-20-37-00-724.png","08/Feb/23 8:52 PM;debert;image-2023-02-08-20-52-50-098.png;https://jira.ifao.net/secure/attachment/183020/image-2023-02-08-20-52-50-098.png","08/Feb/23 8:53 PM;debert;image-2023-02-08-20-53-32-715.png;https://jira.ifao.net/secure/attachment/183019/image-2023-02-08-20-53-32-715.png","08/Feb/23 9:08 PM;debert;image-2023-02-08-21-08-54-603.png;https://jira.ifao.net/secure/attachment/183024/image-2023-02-08-21-08-54-603.png","08/Feb/23 9:09 PM;debert;image-2023-02-08-21-09-59-094.png;https://jira.ifao.net/secure/attachment/183023/image-2023-02-08-21-09-59-094.png",,16.0,,,,,,,,,,05/Aug/22 12:00 AM,,2-16402277433,,,Committed,,Configure,OBB,,2022-09-06 09:30:58.625,,,,,Closed,,,,,,,,,,,,,,,,,Customer Test System,Productive System,Test System,,,,,net.ifao.jira.plugin.pmi.impl.field.searcher.issuelinksoverview.IssueLinksOverview@e90cfa0,0,,,,,,Hello,,,,,,,,,,,,,"0|i1rkcl:hzx5qi",,,,,,,,,,,,,Retention,,0,,,,,Functional Feature,,,"server: mega
system: oebb",,3 - Medium Urgent,YES,,,,Codebusters-PI4.5,Codebusters-PI5.1,Codebusters-PI5.2,Codebusters-PI5.3,Codebusters-PI5.4,Codebusters-PI-6.1,Codebusters-PI-6.2,Codebusters-PI-6.3,,net.ifao.jira.plugin.pmi.impl.field.StatusInformation.StatusInformation@9573314,net.ifao.jira.plugin.pmi.impl.field.StatusInformation.StatusInformation@1e31da98,net.ifao.jira.plugin.pmi.impl.field.StatusInformation.StatusInformation@19ac8940,net.ifao.jira.plugin.pmi.impl.field.StatusInformation.StatusInformation@7e4b848c,net.ifao.jira.plugin.pmi.impl.field.StatusInformation.StatusInformation@4e34c7c2,net.ifao.jira.plugin.pmi.impl.field.StatusInformation.StatusInformation@5e413186,net.ifao.jira.plugin.pmi.impl.field.StatusInformation.StatusInformation@23da4587,,net.ifao.jira.plugin.pmi.impl.field.searcher.subtaskoverview.SubtaskOverview@0,,,,,,,,,,,,,0,,,,,,Incident Request (IR),,,,,,,,,,0,,,"01/Sep/22 12:12 PM;debert;why this is handled via custom script is not clear. 

this is information that can purely come from the accounting setup.;;;","06/Sep/22 9:30 AM;pwenner;Escalation accepted, WeekTriage label added, Top Customer label added;;;","06/Oct/22 10:18 PM;debert;checked for RGV_1. Flight pbc is going to 964Z 
checked other configs in code, same code implemented

still as raised in my first comment. there is no scripting needed for this. accounting config file can cover this ;;;","10/Oct/22 12:23 PM;ddykiert;Hello [~ebert] , script is needed for other receipt types pbc (CI-7375) which should be accounted to different account numbers than default pbc cost type.;;;","12/Dec/22 9:00 AM;kmarscholl;Dear [~dykiert], please go ahead and implement this CI on STAGING first. I received the confirmation from ÖBB. 

Please wait for the final GO from ÖBB before implementing this CI on MEGA. Thank you!;;;","13/Dec/22 9:55 PM;debert;[~marscholl] [~dykiert] I am not verifying this ticket. I already verified this on Bali;;;","14/Dec/22 8:53 AM;kmarscholl;[~ebert] Noted. Ticket will be verified by ÖBB. Thank you.;;;","14/Dec/22 12:29 PM;nsanchezruiz;[~ebert]  client is asking the following in regards to CI:

Since we have been informed that it is not possible to correct the errors (after importing the CIs) by reversing and recalculating, we deduct the incorrectly paid amounts from the employees by entering the corresponding wage types directly in SAP. 
If an employee cancels and recalculates one of these trips, it must therefore be ensured that the wage types are not automatically corrected and the amounts are deducted from the employee again. Please confirm.

If it is possible to correct at least some of the trips by cancellation and recalculation, please provide exact information for which trips this is possible.

 

thank you

---

Da wir informiert wurden, dass es nicht möglich ist, die Fehler (nach Einspielen der CIs) durch Storno und Neuberechnung zu korrigieren, ziehen wir den Mitarbeitern die fehlerhaft ausbezahlten Beträge ab, indem wir direkt in SAP die entsprechenden Lohnarten erfassen. 
Bei einem Storno und Neuberechnung einer dieser Reisen durch einen Mitarbeiter muss daher sichergestellt sein, dass nicht doch automatisch die Lohnarten korrigiert werden, und dem Mitarbeiter die Beträge dadurch noch einmal abgezogen werden. Bitte um Bestätigung.

Sollte es doch möglich sein, durch Storno und Neuberechnung zumindest für einen Teil der Reisen eine Korrektur vorzunehmen, so bitte um genaue Information, für welche Reisen dies möglich ist.;;;","18/Jan/23 8:40 AM;nsanchezruiz;[~ebert] any feedback in above so we can reply client? thank you!;;;","19/Jan/23 7:41 AM;debert;[~nsanchez]  1. How am I supposed to do any testing when the configuration is not deployed to production, nor an appropriate user and booking is available on staging. 

2. I said multiple times that I am not verifying the CI. I made the investigation for the overall ÖBB escalation and narrowed down the problem. Verifying or discussing tickets with customers is not my task;;;","29/Jan/23 2:55 PM;debert;[~marscholl] I think ÖBB misundestood a few things. Some of the Statements can be correct, other Statements cannot be corrected. See attached the information for the Statements that could be correct with a re-calculate. For the Statements marked in red, the fix is not yet on production. But checking the Statements I added a comment - if or if not - the impacted Statements contain the links we need for re-calculation [^StatementsChecked.xlsx] 

All of the Statements are already Accounted (otherwise ÖBB could not see the discrepancies in SAP), so for the Traveler it is not possible to cancel the Expense Statement. This is only possible when an Accountant rejects the Expense Statements and an Expense Auditor also rejects the Statement. Hence, as long as the customer does not touch the Statements anymore in roles Expense Accountant and Expense Auditor, there is no risk for double reimbursement. 

But in general a double reimbursement should not be possible as ÖBB implemented the export with versioning, meaning when a Statement is send for Accounting a second or third time, they will use the difference only. 

 

[~buerger] ;;;","07/Feb/23 7:22 AM;kmarscholl;[~dykiert]  Doreen tested it on prod and unfortunately the behaviour is not as expected. 

 

CE uses the wrong posting (pbc), 864l would be the correct one for paid by employee. You can also see it in the description. 

 

Further information attached. Thank you!

 ;;;","07/Feb/23 5:28 PM;debert;*BV* -> 282900

*!image-2023-02-08-17-30-10-967.png|width=389,height=67!*

*!image-2023-02-08-17-31-10-502.png|width=397,height=148!*

 

 

*SPED-ARB* -> 282866

!image-2023-02-08-17-13-16-293.png|width=388,height=71!

!image-2023-02-08-17-12-54-929.png|width=367,height=141!

 

 

*SPED-ANG-1* -> 282908

!image-2023-02-08-18-00-30-686.png|width=372,height=59!

!image-2023-02-08-18-01-19-701.png|width=366,height=146!

 

 

*SPED-ANG-3* -> 282916

!image-2023-02-08-18-23-32-506.png|width=376,height=63!

!image-2023-02-08-18-24-30-601.png|width=348,height=142!

 

 

*REIS* -> 282924

!image-2023-02-08-19-23-19-792.png|width=360,height=71!

!image-2023-02-08-19-24-15-457.png|width=364,height=147!

 

 

*RGV-1* -> 282938

!image-2023-02-08-19-38-19-642.png|width=344,height=57!

!image-2023-02-08-19-39-14-006.png|width=332,height=133!

 

 

*RGV-2A* -> 282977

!image-2023-02-08-19-54-53-497.png|width=332,height=55!

!image-2023-02-08-19-55-47-907.png|width=322,height=140!

 

 

*RGV-2B* -> 282997

!image-2023-02-08-20-16-56-955.png|width=339,height=63!

!image-2023-02-08-20-16-32-343.png|width=339,height=142!

 

 

*RGV-3* -> 283011

!image-2023-02-08-20-34-55-265.png|width=441,height=72!

!image-2023-02-08-20-37-00-724.png|width=359,height=153!

 

 

*METGW-ARB* -> 283025

!image-2023-02-08-20-52-50-098.png|width=318,height=60!

!image-2023-02-08-20-53-32-715.png|width=366,height=148!

 

 

*METGW-ANG* -> 283033

!image-2023-02-08-21-08-54-603.png|width=397,height=59!

!image-2023-02-08-21-09-59-094.png|width=386,height=151!

 ;;;","12/Feb/23 1:52 PM;debert;[~marscholl]  After production fix of this topic, please see updated Excel for impacted Statements [^Falsche Lohnarten_Check_12.02.xlsx]

Only open topic is EXPENG-988 where they need to discuss internally with ÖBB as we do not have a feedback so far

 

[~buerger] ;;;",,,,,,,,,,,,,,,,,,,,,,
